0xA0b86991c6218b36c1d19D4a2e9Eb0cE3606eB48,0xC02aaA39b223FE8D0A0e5C4F27eAD9083C756Cc2,0xB4e16d0168e52d35CaCD2c6185b44281Ec28C9Dc,0xA0b86991c6218b36c1d19D4a2e9Eb0cE3606eB48,0xC02aaA39b223FE8D0A0e5C4F27eAD9083C756Cc2,0x397FF1542f962076d0BFE58eA045FfA2d347ACa0
0x6B175474E89094C44Da98b954EedeAC495271d0F,0xC02aaA39b223FE8D0A0e5C4F27eAD9083C756Cc2,0xA478c2975Ab1Ea89e8196811F51A7B7Ade33eB11,0x6B175474E89094C44Da98b954EedeAC495271d0F,0xC02aaA39b223FE8D0A0e5C4F27eAD9083C756Cc2,0xC3D03e4F041Fd4cD388c549Ee2A29a9E5075882f
0x2260FAC5E5542a773Aa44fBCfeDf7C193bc2C599,0xC02aaA39b223FE8D0A0e5C4F27eAD9083C756Cc2,0xBb2b8038a1640196FbE3e38816F3e67Cba72D940,0x2260FAC5E5542a773Aa44fBCfeDf7C193bc2C599,0xC02aaA39b223FE8D0A0e5C4F27eAD9083C756Cc2,0xCEfF51756c56CeFFCA006cD410B03FFC46dd3a58
0xC011a73ee8576Fb46F5E1c5751cA3B9Fe0af2a6F,0xC02aaA39b223FE8D0A0e5C4F27eAD9083C756Cc2,0x43AE24960e5534731Fc831386c07755A2dc33D47,0xC011a73ee8576Fb46F5E1c5751cA3B9Fe0af2a6F,0xC02aaA39b223FE8D0A0e5C4F27eAD9083C756Cc2,0xA1d7b2d891e3A1f9ef4bBC5be20630C2FEB1c470
0x514910771AF9Ca656af840dff83E8264EcF986CA,0xC02aaA39b223FE8D0A0e5C4F27eAD9083C756Cc2,0xa2107FA5B38d9bbd2C461D6EDf11B11A50F6b974,0x514910771AF9Ca656af840dff83E8264EcF986CA,0xC02aaA39b223FE8D0A0e5C4F27eAD9083C756Cc2,0xC40D16476380e4037e6b1A2594cAF6a6cc8Da967
0x9f8F72aA9304c8B593d555F12eF6589cC3A579A2,0xC02aaA39b223FE8D0A0e5C4F27eAD9083C756Cc2,0xC2aDdA861F89bBB333c90c492cB837741916A225,0x9f8F72aA9304c8B593d555F12eF6589cC3A579A2,0xC02aaA39b223FE8D0A0e5C4F27eAD9083C756Cc2,0xBa13afEcda9beB75De5c56BbAF696b880a5A50dD
0xC02aaA39b223FE8D0A0e5C4F27eAD9083C756Cc2,0xD46bA6D942050d489DBd938a2C909A5d5039A161,0xc5be99A02C6857f9Eac67BbCE58DF5572498F40c,0xC02aaA39b223FE8D0A0e5C4F27eAD9083C756Cc2,0xD46bA6D942050d489DBd938a2C909A5d5039A161,0xCb2286d9471cc185281c4f763d34A962ED212962
0xC02aaA39b223FE8D0A0e5C4F27eAD9083C756Cc2,0xE41d2489571d322189246DaFA5ebDe1F4699F498,0xc6F348dd3B91a56D117ec0071C1e9b83C0996De4,0xC02aaA39b223FE8D0A0e5C4F27eAD9083C756Cc2,0xE41d2489571d322189246DaFA5ebDe1F4699F498,0x0BC5AE46c32D99C434b7383183ACa16DD6E9BdC8
0x57Ab1ec28D129707052df4dF418D58a2D46d5f51,0xC02aaA39b223FE8D0A0e5C4F27eAD9083C756Cc2,0xf80758aB42C3B07dA84053Fd88804bCB6BAA4b5c,0x57Ab1ec28D129707052df4dF418D58a2D46d5f51,0xC02aaA39b223FE8D0A0e5C4F27eAD9083C756Cc2,0xF1F85b2C54a2bD284B1cf4141D64fD171Bd85539
0x93ED3FBe21207Ec2E8f2d3c3de6e058Cb73Bc04d,0xC02aaA39b223FE8D0A0e5C4F27eAD9083C756Cc2,0x343FD171caf4F0287aE6b87D75A8964Dc44516Ab,0x93ED3FBe21207Ec2E8f2d3c3de6e058Cb73Bc04d,0xC02aaA39b223FE8D0A0e5C4F27eAD9083C756Cc2,0xEF4F1D5007B4FF88c1A56261fec00264AF6001Fb
0x0F5D2fB29fb7d3CFeE444a200298f468908cC942,0xC02aaA39b223FE8D0A0e5C4F27eAD9083C756Cc2,0x11b1f53204d03E5529F09EB3091939e4Fd8c9CF3,0x0F5D2fB29fb7d3CFeE444a200298f468908cC942,0xC02aaA39b223FE8D0A0e5C4F27eAD9083C756Cc2,0x1bEC4db6c3Bc499F3DbF289F5499C30d541FEc97
0x8A9C67fee641579dEbA04928c4BC45F66e26343A,0xC02aaA39b223FE8D0A0e5C4F27eAD9083C756Cc2,0x2b6A25f7C54F43C71C743e627F5663232586C39F,0x8A9C67fee641579dEbA04928c4BC45F66e26343A,0xC02aaA39b223FE8D0A0e5C4F27eAD9083C756Cc2,0xF1360C4ae1cead17B588ec1111983d2791B760d3
0x607F4C5BB672230e8672085532f7e901544a7375,0xC02aaA39b223FE8D0A0e5C4F27eAD9083C756Cc2,0x6d57a53A45343187905aaD6AD8eD532D105697c1,0x607F4C5BB672230e8672085532f7e901544a7375,0xC02aaA39b223FE8D0A0e5C4F27eAD9083C756Cc2,0x75382c52b6F90B3f8014BfcadAC2386513F1e3bC
0x408e41876cCCDC0F92210600ef50372656052a38,0xC02aaA39b223FE8D0A0e5C4F27eAD9083C756Cc2,0x8Bd1661Da98EBDd3BD080F0bE4e6d9bE8cE9858c,0x408e41876cCCDC0F92210600ef50372656052a38,0xC02aaA39b223FE8D0A0e5C4F27eAD9083C756Cc2,0x611CDe65deA90918c0078ac0400A72B0D25B9bb1
0x0000000000085d4780B73119b644AE5ecd22b376,0xC02aaA39b223FE8D0A0e5C4F27eAD9083C756Cc2,0xb4d0d9df2738abE81b87b66c80851292492D1404,0x0000000000085d4780B73119b644AE5ecd22b376,0xC02aaA39b223FE8D0A0e5C4F27eAD9083C756Cc2,0x760166FA4f227dA29ecAC3BeC348f5fA853a1f3C
0x7D1AfA7B718fb893dB30A3aBc0Cfc608AaCfeBB0,0xC02aaA39b223FE8D0A0e5C4F27eAD9083C756Cc2,0x819f3450dA6f110BA6Ea52195B3beaFa246062dE,0x7D1AfA7B718fb893dB30A3aBc0Cfc608AaCfeBB0,0xC02aaA39b223FE8D0A0e5C4F27eAD9083C756Cc2,0x7f8F7Dd53D1F3ac1052565e3ff451D7fE666a311
0x04Fa0d235C4abf4BcF4787aF4CF447DE572eF828,0xC02aaA39b223FE8D0A0e5C4F27eAD9083C756Cc2,0x88D97d199b9ED37C29D846d00D443De980832a22,0x04Fa0d235C4abf4BcF4787aF4CF447DE572eF828,0xC02aaA39b223FE8D0A0e5C4F27eAD9083C756Cc2,0x001b6450083E531A5a7Bf310BD2c1Af4247E23D4
0xC02aaA39b223FE8D0A0e5C4F27eAD9083C756Cc2,0xdAC17F958D2ee523a2206206994597C13D831ec7,0x0d4a11d5EEaaC28EC3F61d100daF4d40471f1852,0xC02aaA39b223FE8D0A0e5C4F27eAD9083C756Cc2,0xdAC17F958D2ee523a2206206994597C13D831ec7,0x06da0fd433C1A5d7a4faa01111c044910A184553
0x8207c1FfC5B6804F6024322CcF34F29c3541Ae26,0xC02aaA39b223FE8D0A0e5C4F27eAD9083C756Cc2,0xce2Cc0513634CEf3a7C9C257E294EF5E3092f185,0x8207c1FfC5B6804F6024322CcF34F29c3541Ae26,0xC02aaA39b223FE8D0A0e5C4F27eAD9083C756Cc2,0x72ea6Ca0D47b337f1EA44314d9d90E2A897eDaF5
0xBA11D00c5f74255f56a5E366F4F77f5A186d7f55,0xC02aaA39b223FE8D0A0e5C4F27eAD9083C756Cc2,0xf421c3f2e695C2D4C0765379cCace8adE4a480D9,0xBA11D00c5f74255f56a5E366F4F77f5A186d7f55,0xC02aaA39b223FE8D0A0e5C4F27eAD9083C756Cc2,0xA75F7c2F025f470355515482BdE9EFA8153536A8
0x80fB784B7eD66730e8b1DBd9820aFD29931aab03,0xC02aaA39b223FE8D0A0e5C4F27eAD9083C756Cc2,0xaB3F9bF1D81ddb224a2014e98B238638824bCf20,0x80fB784B7eD66730e8b1DBd9820aFD29931aab03,0xC02aaA39b223FE8D0A0e5C4F27eAD9083C756Cc2,0x5E63360E891BD60C69445970256C260b0A6A54c6
0xc00e94Cb662C3520282E6f5717214004A7f26888,0xC02aaA39b223FE8D0A0e5C4F27eAD9083C756Cc2,0x31503dcb60119A812feE820bb7042752019F2355,0xc00e94Cb662C3520282E6f5717214004A7f26888,0xC02aaA39b223FE8D0A0e5C4F27eAD9083C756Cc2,0xCFfDdeD873554F362Ac02f8Fb1f02E5ada10516f
0x107c4504cd79C5d2696Ea0030a8dD4e92601B82e,0xC02aaA39b223FE8D0A0e5C4F27eAD9083C756Cc2,0x2D2Bc284c24b5deBE489Da59557862e0aF884F23,0x107c4504cd79C5d2696Ea0030a8dD4e92601B82e,0xC02aaA39b223FE8D0A0e5C4F27eAD9083C756Cc2,0xf1Ff4c672DaBf9AEa4813DdA6De66b860b0970b4
0xC02aaA39b223FE8D0A0e5C4F27eAD9083C756Cc2,0xd26114cd6EE289AccF82350c8d8487fedB8A0C07,0x742c15d71eA7444964BC39b0eD729B3729ADc361,0xC02aaA39b223FE8D0A0e5C4F27eAD9083C756Cc2,0xd26114cd6EE289AccF82350c8d8487fedB8A0C07,0x48E313460DD00100e22230e56E0A87B394066844
0x6c6EE5e31d828De241282B9606C8e98Ea48526E2,0xC02aaA39b223FE8D0A0e5C4F27eAD9083C756Cc2,0xf5ef67632cd2256d939702a126FE2c047d0a07bf,0x6c6EE5e31d828De241282B9606C8e98Ea48526E2,0xC02aaA39b223FE8D0A0e5C4F27eAD9083C756Cc2,0xb4f3B00d13D20409AfD9488ab991d0b40E6a5219
0x0Ae055097C6d159879521C384F1D2123D1f195e6,0xC02aaA39b223FE8D0A0e5C4F27eAD9083C756Cc2,0x3B3d4EeFDc603b232907a7f3d0Ed1Eea5C62b5f7,0x0Ae055097C6d159879521C384F1D2123D1f195e6,0xC02aaA39b223FE8D0A0e5C4F27eAD9083C756Cc2,0x9Fc5b87b74B9BD239879491056752EB90188106D
0x55296f69f40Ea6d20E478533C15A6B08B654E758,0xC02aaA39b223FE8D0A0e5C4F27eAD9083C756Cc2,0xa986F2A12d85c44429f574BA50C0e21052B18BA1,0x55296f69f40Ea6d20E478533C15A6B08B654E758,0xC02aaA39b223FE8D0A0e5C4F27eAD9083C756Cc2,0x0C967dfF67bC0e7c4fb31b4BF67A513aE1752A00
0x8Ab7404063Ec4DBcfd4598215992DC3F8EC853d7,0xC02aaA39b223FE8D0A0e5C4F27eAD9083C756Cc2,0x364248b2f1f57C5402d244b2D469A35B4C0e9dAB,0x8Ab7404063Ec4DBcfd4598215992DC3F8EC853d7,0xC02aaA39b223FE8D0A0e5C4F27eAD9083C756Cc2,0x8Cb77eA869DeF8f7fdEab9E4dA6cF02897bbF076
0x4C19596f5aAfF459fA38B0f7eD92F11AE6543784,0xC02aaA39b223FE8D0A0e5C4F27eAD9083C756Cc2,0xfCEAAf9792139BF714a694f868A215493461446D,0x4C19596f5aAfF459fA38B0f7eD92F11AE6543784,0xC02aaA39b223FE8D0A0e5C4F27eAD9083C756Cc2,0xeC6a6b7dB761A5c9910bA8fcaB98116d384b1B85
0xC02aaA39b223FE8D0A0e5C4F27eAD9083C756Cc2,0xe3818504c1B32bF1557b16C238B2E01Fd3149C17,0xaE2D4004241254aEd3f93873604d39883c8259F0,0xC02aaA39b223FE8D0A0e5C4F27eAD9083C756Cc2,0xe3818504c1B32bF1557b16C238B2E01Fd3149C17,0x8FEdca1b2aA38dd751Bf4CB329D2A1FC5B26e8F2
0x4730fB1463A6F1F44AEB45F6c5c422427f37F4D0,0xC02aaA39b223FE8D0A0e5C4F27eAD9083C756Cc2,0x38505b190a83383d4e75a6aC36fB3CD790389FFF,0x4730fB1463A6F1F44AEB45F6c5c422427f37F4D0,0xC02aaA39b223FE8D0A0e5C4F27eAD9083C756Cc2,0xB1562400FEAA849c363127Bb847693CcA05C1080
0x8290333ceF9e6D528dD5618Fb97a76f268f3EDD4,0xC02aaA39b223FE8D0A0e5C4F27eAD9083C756Cc2,0x5201883feeb05822CE25c9Af8Ab41Fc78Ca73fA9,0x8290333ceF9e6D528dD5618Fb97a76f268f3EDD4,0xC02aaA39b223FE8D0A0e5C4F27eAD9083C756Cc2,0x1241F4a348162d99379A23E73926Cf0bfCBf131e
0x4E15361FD6b4BB609Fa63C81A2be19d873717870,0xC02aaA39b223FE8D0A0e5C4F27eAD9083C756Cc2,0x0E26A21013f2F8C0362cFae608b4e69a249D5EFc,0x4E15361FD6b4BB609Fa63C81A2be19d873717870,0xC02aaA39b223FE8D0A0e5C4F27eAD9083C756Cc2,0x1ffC57cAda109985aD896a69FbCEBD565dB4290e
0x998FFE1E43fAcffb941dc337dD0468d52bA5b48A,0xC02aaA39b223FE8D0A0e5C4F27eAD9083C756Cc2,0xBE1dA348fD61bB6bF70670490722EEEFc72AF92E,0x998FFE1E43fAcffb941dc337dD0468d52bA5b48A,0xC02aaA39b223FE8D0A0e5C4F27eAD9083C756Cc2,0xff62b7767104FF2785CA4847b9445fd808516515
0xC02aaA39b223FE8D0A0e5C4F27eAD9083C756Cc2,0xec67005c4E498Ec7f55E092bd1d35cbC47C91892,0x2F8AC927aa94293461C75406e90Ec0cCFb2748d9,0xC02aaA39b223FE8D0A0e5C4F27eAD9083C756Cc2,0xec67005c4E498Ec7f55E092bd1d35cbC47C91892,0x15ab0333985FD1E289adF4fBBe19261454776642
